id,nom,pr√©nom,Forfait
162389315,....................,..................,..............
124176935,....................,..................,..............
122183715,....................,..................,..............
191975343,....................,..................,..............
189488048,....................,..................,..............
138814322,....................,..................,..............
163070077,....................,..................,..............
192078870,....................,..................,..............
114290366,....................,..................,..............
194174107,....................,..................,..............
189577460,....................,..................,..............
136749047,....................,..................,..............
102828188,....................,..................,..............
107309721,....................,..................,..............
119979628,....................,..................,..............
190149647,....................,..................,..............
132274703,....................,..................,..............
128140507,....................,..................,..............
189714811,....................,..................,..............
109073680,....................,..................,..............
154663769,....................,..................,..............
122166093,....................,..................,..............
154968679,....................,..................,..............
125913165,....................,..................,..............
176503358,....................,..................,..............
161806384,....................,..................,..............
175286409,....................,..................,..............
132459143,....................,..................,..............
196079511,....................,..................,..............
143254115,....................,..................,..............
163819926,....................,..................,..............
154811681,....................,..................,..............
154952982,....................,..................,..............
186436772,....................,..................,..............
166573951,....................,..................,..............
189115635,....................,..................,..............
101179576,....................,..................,..............
105168306,....................,..................,..............
165352196,....................,..................,..............
114595695,....................,..................,..............
117225906,....................,..................,..............
144167562,....................,..................,..............
167071397,....................,..................,..............
177955394,....................,..................,..............
185654231,....................,..................,..............
100484835,....................,..................,..............
189768793,....................,..................,..............
177902022,....................,..................,..............
187863932,....................,..................,..............
130568209,....................,..................,..............
174088433,....................,..................,..............
131883354,....................,..................,..............
140723950,....................,..................,..............
106080471,....................,..................,..............
155980577,....................,..................,..............
128276625,....................,..................,..............
128329688,....................,..................,..............
126444843,....................,..................,..............
100609505,....................,..................,..............
195682449,....................,..................,..............
152070203,....................,..................,..............
176846136,....................,..................,..............
101222270,....................,..................,..............
142600047,....................,..................,..............
107892801,....................,..................,..............
191241099,....................,..................,..............
168343782,....................,..................,..............
141145853,....................,..................,..............
149383734,....................,..................,..............
124300084,....................,..................,..............
122663641,....................,..................,..............
194050263,....................,..................,..............
194131555,....................,..................,..............
103299630,....................,..................,..............
156113916,....................,..................,..............
152488338,....................,..................,..............
115927192,....................,..................,..............
156510650,....................,..................,..............
119507362,....................,..................,..............
114252405,....................,..................,..............
100672247,....................,..................,..............
193019757,....................,..................,..............
190015613,....................,..................,..............
122452983,....................,..................,..............
109892191,....................,..................,..............
190801562,....................,..................,..............
175064898,....................,..................,..............
152983329,....................,..................,..............
151220693,....................,..................,..............
131577761,....................,..................,..............
102106072,....................,..................,..............
169155036,....................,..................,..............
172072040,....................,..................,..............
169841797,....................,..................,..............
121097555,....................,..................,..............
154762708,....................,..................,..............
153750237,....................,..................,..............
142737980,....................,..................,..............
168459072,....................,..................,..............
132497145,....................,..................,..............
163232421,....................,..................,..............
169661064,....................,..................,..............
158129416,....................,..................,..............
118342202,....................,..................,..............
113249916,....................,..................,..............
125807051,....................,..................,..............
138391389,....................,..................,..............
142240055,....................,..................,..............
160664213,....................,..................,..............
186256724,....................,..................,..............
105793513,....................,..................,..............
105089319,....................,..................,..............
155900365,....................,..................,..............
128476288,....................,..................,..............
184279707,....................,..................,..............
194221112,....................,..................,..............
133012839,....................,..................,..............
166092970,....................,..................,..............
116497462,....................,..................,..............
175730760,....................,..................,..............
125777892,....................,..................,..............
112465660,....................,..................,..............
142772130,....................,..................,..............
174007670,....................,..................,..............
138522075,....................,..................,..............
125488827,....................,..................,..............
148718277,....................,..................,..............
106635869,....................,..................,..............
158732664,....................,..................,..............
129806879,....................,..................,..............
165792070,....................,..................,..............
182816307,....................,..................,..............
100754705,....................,..................,..............
199219824,....................,..................,..............
129979380,....................,..................,..............
160848244,....................,..................,..............
144873096,....................,..................,..............
175118589,....................,..................,..............
176571220,....................,..................,..............
114201949,....................,..................,..............
143463419,....................,..................,..............
172133176,....................,..................,..............
163241853,....................,..................,..............
188544916,....................,..................,..............
183593095,....................,..................,..............
173688592,....................,..................,..............
170350146,....................,..................,..............
139632446,....................,..................,..............
123459892,....................,..................,..............
175792024,....................,..................,..............
194599574,....................,..................,..............
187643925,....................,..................,..............
131793056,....................,..................,..............
140149067,....................,..................,..............
137468554,....................,..................,..............
104412972,....................,..................,..............
171043118,....................,..................,..............
127731219,....................,..................,..............
151151727,....................,..................,..............
109389771,....................,..................,..............
144859434,....................,..................,..............
135208832,....................,..................,..............
133410051,....................,..................,..............
102769827,....................,..................,..............
153639090,....................,..................,..............
190565175,....................,..................,..............
137802290,....................,..................,..............
157214368,....................,..................,..............
119398629,....................,..................,..............
131576772,....................,..................,..............
194550958,....................,..................,..............
133977963,....................,..................,..............
114938709,....................,..................,..............
104687735,....................,..................,..............
140260117,....................,..................,..............
146927153,....................,..................,..............
112143594,....................,..................,..............
110465255,....................,..................,..............
188035211,....................,..................,..............
182480151,....................,..................,..............
140863160,....................,..................,..............
191858128,....................,..................,..............
134737204,....................,..................,..............
148509693,....................,..................,..............
109972131,....................,..................,..............
165878303,....................,..................,..............
129008620,....................,..................,..............
161073526,....................,..................,..............
150852897,....................,..................,..............
103728653,....................,..................,..............
151807355,....................,..................,..............
114295271,....................,..................,..............
140233483,....................,..................,..............
157665707,....................,..................,..............
112750207,....................,..................,..............
125238567,....................,..................,..............
192402572,....................,..................,..............
101086525,....................,..................,..............
180432381,....................,..................,..............
168410460,....................,..................,..............
143366286,....................,..................,..............
181886014,....................,..................,..............
176146683,....................,..................,..............
175031139,....................,..................,..............
136053760,....................,..................,..............
170563126,....................,..................,..............
143383422,....................,..................,..............
168954394,....................,..................,..............
144886697,....................,..................,..............
161519528,....................,..................,..............
131644869,....................,..................,..............
192031479,....................,..................,..............
123788970,....................,..................,..............
155318984,....................,..................,..............
112060130,....................,..................,..............
130221715,....................,..................,..............
154466251,....................,..................,..............
174814539,....................,..................,..............
184185114,....................,..................,..............
169907609,....................,..................,..............
183344255,....................,..................,..............
119960606,....................,..................,..............
119517478,....................,..................,..............
177870282,....................,..................,..............
147795416,....................,..................,..............
137238149,....................,..................,..............
151791579,....................,..................,..............
105285181,....................,..................,..............
180450901,....................,..................,..............
120025891,....................,..................,..............
178731579,....................,..................,..............
146520416,....................,..................,..............
131841255,....................,..................,..............
171964917,....................,..................,..............
179183734,....................,..................,..............
159925892,....................,..................,..............
186880312,....................,..................,..............
125514781,....................,..................,..............
102680347,....................,..................,..............
194024254,....................,..................,..............
187821935,....................,..................,..............
199843012,....................,..................,..............
162114065,....................,..................,..............
113587969,....................,..................,..............
138429711,....................,..................,..............
156812446,....................,..................,..............
162435488,....................,..................,..............
105276572,....................,..................,..............
194083232,....................,..................,..............
115178411,....................,..................,..............
158622763,....................,..................,..............
134389190,....................,..................,..............
171324645,....................,..................,..............
104255100,....................,..................,..............
179712085,....................,..................,..............
141757013,....................,..................,..............
133054199,....................,..................,..............
143954259,....................,..................,..............
191101047,....................,..................,..............
172040953,....................,..................,..............
101472651,....................,..................,..............
192519167,....................,..................,..............
111820425,....................,..................,..............
176799790,....................,..................,..............
186138698,....................,..................,..............
172351662,....................,..................,..............
136431079,....................,..................,..............
170772848,....................,..................,..............
139459823,....................,..................,..............
194656714,....................,..................,..............
120436480,....................,..................,..............
160109512,....................,..................,..............
172258592,....................,..................,..............
128911748,....................,..................,..............
127448733,....................,..................,..............
126485422,....................,..................,..............
118176333,....................,..................,..............
116355326,....................,..................,..............
148893946,....................,..................,..............
128687300,....................,..................,..............
152786896,....................,..................,..............
160477789,....................,..................,..............
185837426,....................,..................,..............
152530136,....................,..................,..............
179115435,....................,..................,..............
159953653,....................,..................,..............
111042185,....................,..................,..............
144064143,....................,..................,..............
137067330,....................,..................,..............
190187382,....................,..................,..............
139051762,....................,..................,..............
102883013,....................,..................,..............
185259386,....................,..................,..............
197657597,....................,..................,..............
198826551,....................,..................,..............
151475649,....................,..................,..............
162768386,....................,..................,..............
136222401,....................,..................,..............
159816335,....................,..................,..............
109830664,....................,..................,..............
172680463,....................,..................,..............
157400487,....................,..................,..............
192254501,....................,..................,..............
126435900,....................,..................,..............
159476211,....................,..................,..............
128063559,....................,..................,..............
139217714,....................,..................,..............
161431985,....................,..................,..............
161368057,....................,..................,..............
141218528,....................,..................,..............
133134793,....................,..................,..............
159661587,....................,..................,..............
152168389,....................,..................,..............
121152946,....................,..................,..............
139363496,....................,..................,..............
155228284,....................,..................,..............
127648613,....................,..................,..............
163894172,....................,..................,..............
110166576,....................,..................,..............
167590984,....................,..................,..............
176631524,....................,..................,..............
189275004,....................,..................,..............
119946095,....................,..................,..............
115112771,....................,..................,..............
135090083,....................,..................,..............
101509618,....................,..................,..............
146886894,....................,..................,..............
120579030,....................,..................,..............
122794073,....................,..................,..............
100102042,....................,..................,..............
154899896,....................,..................,..............
117561049,....................,..................,..............
175816241,....................,..................,..............
166315833,....................,..................,..............
101234878,....................,..................,..............
134307610,....................,..................,..............
162811317,....................,..................,..............
130284261,....................,..................,..............
175314948,....................,..................,..............
190044033,....................,..................,..............
180843157,....................,..................,..............
148775105,....................,..................,..............
187551745,....................,..................,..............
164760556,....................,..................,..............
135737879,....................,..................,..............
107196452,....................,..................,..............
104595572,....................,..................,..............
101217173,....................,..................,..............
146137814,....................,..................,..............
184984273,....................,..................,..............
161726644,....................,..................,..............
155404858,....................,..................,..............
140652225,....................,..................,..............
198231935,....................,..................,..............
171595455,....................,..................,..............
154755237,....................,..................,..............
156174568,....................,..................,..............
187308097,....................,..................,..............
122777208,....................,..................,..............
156564399,....................,..................,..............
128893649,....................,..................,..............
194312803,....................,..................,..............
105084942,....................,..................,..............
186182572,....................,..................,..............
143110687,....................,..................,..............
125143816,....................,..................,..............
178390466,....................,..................,..............
196611515,....................,..................,..............
142932268,....................,..................,..............
157285357,....................,..................,..............
108200489,....................,..................,..............
121990079,....................,..................,..............
111374484,....................,..................,..............
146670708,....................,..................,..............
125606478,....................,..................,..............
100703338,....................,..................,..............
176327990,....................,..................,..............
148008569,....................,..................,..............
182407471,....................,..................,..............
124005351,....................,..................,..............
194575875,....................,..................,..............
131217820,....................,..................,..............
199138913,....................,..................,..............
156725192,....................,..................,..............
125051577,....................,..................,..............
131764469,....................,..................,..............
151928632,....................,..................,..............
118907487,....................,..................,..............
184808771,....................,..................,..............
162722385,....................,..................,..............
137282581,....................,..................,..............
108210687,....................,..................,..............
119148177,....................,..................,..............
167491406,....................,..................,..............
150724072,....................,..................,..............
113795396,....................,..................,..............
146264632,....................,..................,..............
165419831,....................,..................,..............
153681470,....................,..................,..............
119458718,....................,..................,..............
183928519,....................,..................,..............
170569718,....................,..................,..............
169876489,....................,..................,..............
138066939,....................,..................,..............
120694213,....................,..................,..............
168152566,....................,..................,..............
114936020,....................,..................,..............
187659856,....................,..................,..............
139214105,....................,..................,..............
135666023,....................,..................,..............
152212387,....................,..................,..............
173131899,....................,..................,..............
108911509,....................,..................,..............
122956262,....................,..................,..............
139580634,....................,..................,..............
142563970,....................,..................,..............
152300637,....................,..................,..............
123891602,....................,..................,..............
163784599,....................,..................,..............
190161781,....................,..................,..............
178355198,....................,..................,..............
151877651,....................,..................,..............
190187284,....................,..................,..............
116970338,....................,..................,..............
183139939,....................,..................,..............
194147904,....................,..................,..............
127054462,....................,..................,..............
190892992,....................,..................,..............
165184532,....................,..................,..............
187990773,....................,..................,..............
192434349,....................,..................,..............
103926181,....................,..................,..............
114592760,....................,..................,..............
147340882,....................,..................,..............
187941206,....................,..................,..............
142570820,....................,..................,..............
161328859,....................,..................,..............
106501434,....................,..................,..............
185199371,....................,..................,..............
177076173,....................,..................,..............
101182632,....................,..................,..............
130829070,....................,..................,..............
107328280,....................,..................,..............
168625379,....................,..................,..............
174777555,....................,..................,..............
128610398,....................,..................,..............
185738697,....................,..................,..............
100037485,....................,..................,..............
107480705,....................,..................,..............
125209130,....................,..................,..............
168951588,....................,..................,..............
117428423,....................,..................,..............
117641956,....................,..................,..............
125214621,....................,..................,..............
168376998,....................,..................,..............
125347408,....................,..................,..............
131532939,....................,..................,..............
175513525,....................,..................,..............
100920110,....................,..................,..............
155809362,....................,..................,..............
137788559,....................,..................,..............
133804851,....................,..................,..............
142633383,....................,..................,..............
109599840,....................,..................,..............
118878525,....................,..................,..............
197184542,....................,..................,..............
105171457,....................,..................,..............
123192427,....................,..................,..............
185761752,....................,..................,..............
141598137,....................,..................,..............
107996648,....................,..................,..............
194705352,....................,..................,..............
182172839,....................,..................,..............
113903453,....................,..................,..............
186039344,....................,..................,..............
103862824,....................,..................,..............
115256726,....................,..................,..............
163312273,....................,..................,..............
195156400,....................,..................,..............
132150292,....................,..................,..............
183368651,....................,..................,..............
182364335,....................,..................,..............
104948592,....................,..................,..............
104160527,....................,..................,..............
196893713,....................,..................,..............
178613806,....................,..................,..............
137264423,....................,..................,..............
165316082,....................,..................,..............
182510274,....................,..................,..............
193239166,....................,..................,..............
179360951,....................,..................,..............
152456924,....................,..................,..............
156208075,....................,..................,..............
165210440,....................,..................,..............
140773804,....................,..................,..............
157119138,....................,..................,..............
155253753,....................,..................,..............
159331474,....................,..................,..............
163048549,....................,..................,..............
161857850,....................,..................,..............
197156023,....................,..................,..............
117543699,....................,..................,..............
156261635,....................,..................,..............
107524898,....................,..................,..............
165453029,....................,..................,..............
100286287,....................,..................,..............
118060149,....................,..................,..............
118639659,....................,..................,..............
193181024,....................,..................,..............
120569674,....................,..................,..............
171681074,....................,..................,..............
185835707,....................,..................,..............
103952728,....................,..................,..............
154560705,....................,..................,..............
163955936,....................,..................,..............
193230451,....................,..................,..............
130358898,....................,..................,..............
139914096,....................,..................,..............
108535540,....................,..................,..............
182398236,....................,..................,..............
162488793,....................,..................,..............
193595386,....................,..................,..............
141812974,....................,..................,..............
129242171,....................,..................,..............
122191693,....................,..................,..............
162846900,....................,..................,..............
177297861,....................,..................,..............
112549006,....................,..................,..............
178961175,....................,..................,..............
158300635,....................,..................,..............
132972771,....................,..................,..............
194442339,....................,..................,..............
102329345,....................,..................,..............
123778614,....................,..................,..............
161711645,....................,..................,..............
188086073,....................,..................,..............
138919938,....................,..................,..............
115032692,....................,..................,..............
107476972,....................,..................,..............
197375224,....................,..................,..............
170174383,....................,..................,..............
193966806,....................,..................,..............
162936563,....................,..................,..............
128505690,....................,..................,..............
196243387,....................,..................,..............
172312854,....................,..................,..............
115537059,....................,..................,..............
194738643,....................,..................,..............
116542915,....................,..................,..............
177117757,....................,..................,..............
196760191,....................,..................,..............
109365587,....................,..................,..............
100242354,....................,..................,..............
135017818,....................,..................,..............
113687518,....................,..................,..............
182991208,....................,..................,..............
120617860,....................,..................,..............
119702971,....................,..................,..............
172031550,....................,..................,..............
126367359,....................,..................,..............
151087259,....................,..................,..............
182443791,....................,..................,..............
154211690,....................,..................,..............
142575302,....................,..................,..............
193052530,....................,..................,..............
185534771,....................,..................,..............
114184739,....................,..................,..............
116141329,....................,..................,..............
152152019,....................,..................,..............
199365586,....................,..................,..............
111971727,....................,..................,..............
131184110,....................,..................,..............
172780852,....................,..................,..............
139895689,....................,..................,..............
133432073,....................,..................,..............
130149359,....................,..................,..............
188306297,....................,..................,..............
157789289,....................,..................,..............
157499168,....................,..................,..............
191944144,....................,..................,..............
108122101,....................,..................,..............
179199162,....................,..................,..............
104033926,....................,..................,..............
146323870,....................,..................,..............
155527437,....................,..................,..............
101095307,....................,..................,..............
157985446,....................,..................,..............
125876966,....................,..................,..............
138402088,....................,..................,..............
147989315,....................,..................,..............
142815263,....................,..................,..............
108611407,....................,..................,..............
119805353,....................,..................,..............
102192885,....................,..................,..............
187820407,....................,..................,..............
190367804,....................,..................,..............
129358793,....................,..................,..............
112611326,....................,..................,..............
129738681,....................,..................,..............
151662559,....................,..................,..............
182642570,....................,..................,..............
144149101,....................,..................,..............
178695638,....................,..................,..............
143204952,....................,..................,..............
147492468,....................,..................,..............
193092847,....................,..................,..............
158480061,....................,..................,..............
132625607,....................,..................,..............
185908841,....................,..................,..............
190968019,....................,..................,..............
124791396,....................,..................,..............
117830725,....................,..................,..............
104814882,....................,..................,..............
135035413,....................,..................,..............
196365862,....................,..................,..............
131652333,....................,..................,..............
127930688,....................,..................,..............
157224471,....................,..................,..............
158186421,....................,..................,..............
132507965,....................,..................,..............
121783258,....................,..................,..............
112259580,....................,..................,..............
186712598,....................,..................,..............
128547351,....................,..................,..............
197456046,....................,..................,..............
173307810,....................,..................,..............
111802830,....................,..................,..............
123448191,....................,..................,..............
146876371,....................,..................,..............
113787758,....................,..................,..............
153811753,....................,..................,..............
143492604,....................,..................,..............
166242957,....................,..................,..............
144428874,....................,..................,..............
199670573,....................,..................,..............
111480956,....................,..................,..............
103573725,....................,..................,..............
126936073,....................,..................,..............
178552339,....................,..................,..............
106422168,....................,..................,..............
115153466,....................,..................,..............
197606132,....................,..................,..............
189637503,....................,..................,..............
160802869,....................,..................,..............
107509080,....................,..................,..............
113129593,....................,..................,..............
170690954,....................,..................,..............
104737868,....................,..................,..............
118137671,....................,..................,..............
113664388,....................,..................,..............
142189666,....................,..................,..............
162549534,....................,..................,..............
172399883,....................,..................,..............
140894355,....................,..................,..............
185421998,....................,..................,..............
123325218,....................,..................,..............
120565899,....................,..................,..............
155371320,....................,..................,..............
184859852,....................,..................,..............
188317124,....................,..................,..............
160720254,....................,..................,..............
136415226,....................,..................,..............
183390102,....................,..................,..............
117972322,....................,..................,..............
107358969,....................,..................,..............
128339416,....................,..................,..............
180434194,....................,..................,..............
109011895,....................,..................,..............
101985802,....................,..................,..............
128789264,....................,..................,..............
149319341,....................,..................,..............
101677384,....................,..................,..............
155909584,....................,..................,..............
158925483,....................,..................,..............
139038290,....................,..................,..............
148389685,....................,..................,..............
142146936,....................,..................,..............
193143164,....................,..................,..............
179750247,....................,..................,..............
199782705,....................,..................,..............
164573556,....................,..................,..............
190184249,....................,..................,..............
164184802,....................,..................,..............
198798698,....................,..................,..............
140355790,....................,..................,..............
160508164,....................,..................,..............
137958053,....................,..................,..............
143601362,....................,..................,..............
173759605,....................,..................,..............
166230309,....................,..................,..............
198364543,....................,..................,..............
108320292,....................,..................,..............
105544854,....................,..................,..............
185501599,....................,..................,..............
162364263,....................,..................,..............
180254064,....................,..................,..............
187191148,....................,..................,..............
164299540,....................,..................,..............
131883625,....................,..................,..............
146691163,....................,..................,..............
181707389,....................,..................,..............
114389773,....................,..................,..............
142763327,....................,..................,..............
142752845,....................,..................,..............
174385264,....................,..................,..............
150535302,....................,..................,..............
193921169,....................,..................,..............
129697480,....................,..................,..............
102995190,....................,..................,..............
111701543,....................,..................,..............
133421709,....................,..................,..............
132727308,....................,..................,..............
111306901,....................,..................,..............
157610805,....................,..................,..............
158547816,....................,..................,..............
189181006,....................,..................,..............
196063512,....................,..................,..............
141479834,....................,..................,..............
138060676,....................,..................,..............
187552938,....................,..................,..............
137669025,....................,..................,..............
135821579,....................,..................,..............
100385880,....................,..................,..............
182299325,....................,..................,..............
141554768,....................,..................,..............
151465331,....................,..................,..............
170310664,....................,..................,..............
192860205,....................,..................,..............
155240688,....................,..................,..............
125661246,....................,..................,..............
150253017,....................,..................,..............
104615356,....................,..................,..............
117198507,....................,..................,..............
145637719,....................,..................,..............
159745295,....................,..................,..............
161255948,....................,..................,..............
123513695,....................,..................,..............
192650080,....................,..................,..............
170128547,....................,..................,..............
174825536,....................,..................,..............
188460881,....................,..................,..............
121897839,....................,..................,..............
157348760,....................,..................,..............
198964599,....................,..................,..............
120136933,....................,..................,..............
150861451,....................,..................,..............
118180502,....................,..................,..............
177875713,....................,..................,..............
196244452,....................,..................,..............
153630800,....................,..................,..............
